Date;Constituent Name;ISIN;Market Cap;ESG Score;ESG Grade;Economic Sector
01.01.2015;BASF SE ORD;DE000BASF111;64183291137;88.6092;A;Basic Materials
01.01.2015;INFINEON TECHNOLOGIES ORD;DE0006231004;9974853489;73.1746;B+;Technology
01.01.2015;SIEMENS ORD;DE0007236101;74454961875;82.8619;A-;Industrials
01.01.2015;E.ON ORD;DE000ENAG999;24915507528;79.5292;A-;Utilities
01.01.2015;DEUTSCHE BANK ORD;DE0005140008;34461157431;81.1456;A-;Financials
01.01.2015;LINDE ORD;DE0006483001;NULL;75.1941;A-;Basic Materials
01.01.2015;SAP SE ORD;DE0007164600;71181583119;88.6184;A;Technology
01.01.2015;BAYER AG;DE000BAY0017;93445106525;73.8516;B+;Healthcare
01.01.2015;RWE ST A ORD;DE0007037129;14076499582;72.8186;B+;Utilities
01.01.2015;HENKEL& KGAA PRF;DE0006048432;36829304468;78.2966;A-;Basic Materials
01.01.2015;DT TELEKOM N;DE0005557508;60096319023;73.6239;B+;Technology
01.01.2015;MERCK ORD;DE0006599905;34095281193;74.9583;B+;Healthcare
01.01.2015;VOLKSWAGEN PRF;DE0007664039;86501125135;83.9479;A;Consumer Cyclicals
01.01.2015;BMW AG;DE0005190003;57738357810;86.2767;A;Consumer Cyclicals
01.01.2015;BEIERSDORF ORD;DE0005200000;16989840000;55.8792;B-;Consumer Non-Cyclicals
01.01.2015;HEIDELBGCEMENT ORD;DE0006047004;11051368012;78.0904;A-;Basic Materials
01.01.2015;FRESENIUS MEDICAL CARE ORD;DE0005785802;19232145490;66.431;B;Healthcare
01.01.2015;FRESENIUS SE ORD;DE0005785604;23369726035;51.8696;B-;Healthcare
01.01.2015;DEUTSCHE POST ORD;DE0005552004;32756370186;78.0978;A-;Industrials
01.01.2015;ALLIANZ SE ORD;DE0008404005;62768950000;86.1179;A;Financials
01.01.2015;LUFTHANSA ORD;DE0008232125;6400137357;65.5485;B;Industrials
01.01.2015;MUNICH RE ORD;DE0008430026;28665238934;71.9656;B+;Financials
01.01.2015;CONTINENTAL ORD;DE0005439004;23868626809;80.2495;A-;Consumer Cyclicals
01.01.2015;ADIDAS ORD;DE000A1EWWW0;12055036637;86.7152;A;Consumer Cyclicals
01.01.2015;DAIMLER ORD;DE0007100000;61799967853;90.8803;A;Consumer Cyclicals
01.01.2015;THYSSEN-KRUPP ORD;DE0007500001;9037609088;61.1162;B;Basic Materials
01.01.2015;COMMERZBANK KONV;DE000CBK1001;12500806212;67.0983;B+;Financials
01.01.2015;LANXESS/d;DE0005470405;3519514504;67.2364;B+;Basic Materials
01.01.2015;K S NA/d;DE000KSAG888;4385931000;52.4002;B-;Basic Materials
01.01.2015;DT BOERSE N/d;DE0005810055;11429460000;64.5265;B;Financials
01.01.2016;BASF SE ORD;DE000BASF111;64954813240;87.8951;A;Basic Materials
01.01.2016;INFINEON TECHNOLOGIES ORD;DE0006231004;15250811351;74.3083;B+;Technology
01.01.2016;SIEMENS ORD;DE0007236101;71381461225;84.4989;A;Industrials
01.01.2016;E.ON ORD;DE000ENAG999;15675970068;78.3539;A-;Utilities
01.01.2016;DEUTSCHE BANK ORD;DE0005140008;31068144725;76.7297;A-;Financials
01.01.2016;LINDE ORD;DE0006483001;NULL;79.4436;A-;Basic Materials
01.01.2016;SAP SE ORD;DE0007164600;89655074229;90.5546;A;Technology
01.01.2016;BAYER AG;DE000BAY0017;95760560492;74.9507;B+;Healthcare
01.01.2016;RWE ST A ORD;DE0007037129;6426347475;70.9169;B+;Utilities
01.01.2016;HENKEL& KGAA PRF;DE0006048432;41409519143;78.0109;A-;Basic Materials
01.01.2016;DT TELEKOM N;DE0005557508;76885019710;70.2306;B+;Technology
01.01.2016;MERCK ORD;DE0006599905;38943054532;80.0193;A-;Healthcare
01.01.2016;VOLKSWAGEN PRF;DE0007664039;69571259370;80.1807;A-;Consumer Cyclicals
01.01.2016;BMW AG;DE0005190003;62991600687;85.8359;A;Consumer Cyclicals
01.01.2016;BEIERSDORF ORD;DE0005200000;21208320000;56.1199;B-;Consumer Non-Cyclicals
01.01.2016;HEIDELBGCEMENT ORD;DE0006047004;14210243991;79.5799;A-;Basic Materials
01.01.2016;FRESENIUS MEDICAL CARE ORD;DE0005785802;24317644881;68.917;B+;Healthcare
01.01.2016;FRESENIUS SE ORD;DE0005785604;35954589413;46.4804;C+;Healthcare
01.01.2016;DEUTSCHE POST ORD;DE0005552004;31477021946;80.3586;A-;Industrials
01.01.2016;ALLIANZ SE ORD;DE0008404005;74742350000;88.4617;A;Financials
01.01.2016;LUFTHANSA ORD;DE0008232125;6766003775;67.4013;B+;Industrials
01.01.2016;MUNICH RE ORD;DE0008430026;30791053003;69.8719;B+;Financials
01.01.2016;CONTINENTAL ORD;DE0005439004;30530903705;80.687;A-;Consumer Cyclicals
01.01.2016;ADIDAS ORD;DE000A1EWWW0;18810627283;93.5041;A+;Consumer Cyclicals
01.01.2016;DAIMLER ORD;DE0007100000;69514882355;93.0302;A+;Consumer Cyclicals
01.01.2016;THYSSEN-KRUPP ORD;DE0007500001;7796319278;66.8004;B+;Basic Materials
01.01.2016;COMMERZBANK KONV;DE000CBK1001;11987567273;62.7912;B;Financials
01.01.2016;VONOVIA SE;DE000A1ML7J1;13304313481;23.7781;D+;Real Estate
01.01.2016;K S NA/d;DE000KSAG888;4520868000;37.923;C;Basic Materials
01.01.2016;DT BOERSE N/d;DE0005810055;15708270000;66.311;B;Financials
01.01.2017;BASF SE ORD;DE000BASF111;81110853467;83.7845;A;Basic Materials
01.01.2017;INFINEON TECHNOLOGIES ORD;DE0006231004;18720033470;80.0226;A-;Technology
01.01.2017;PROSIEBENSAT.1 MEDIA SE;DE000PSM7770;8530130000;59.2496;B;Consumer Cyclicals
01.01.2017;SIEMENS ORD;DE0007236101;89496948800;83.5155;A;Industrials
01.01.2017;E.ON ORD;DE000ENAG999;13406700000;77.4247;A-;Utilities
01.01.2017;DEUTSCHE BANK ORD;DE0005140008;23792474517;76.97;A-;Financials
01.01.2017;LINDE ORD;DE0006483001;NULL;85.4773;A;Basic Materials
01.01.2017;SAP SE ORD;DE0007164600;1.01E+11;91.5597;A;Technology
01.01.2017;BAYER AG;DE000BAY0017;81975339616;82.9239;A-;Healthcare
01.01.2017;RWE ST A ORD;DE0007037129;6483970387;72.2223;B+;Utilities
01.01.2017;HENKEL& KGAA PRF;DE0006048432;45891541301;72.2584;B+;Basic Materials
01.01.2017;DT TELEKOM N;DE0005557508;76490732750;78.6299;A-;Technology
01.01.2017;MERCK ORD;DE0006599905;43108226604;80.5025;A-;Healthcare
01.01.2017;VOLKSWAGEN PRF;DE0007664039;67851028702;79.9198;A-;Consumer Cyclicals
01.01.2017;BMW AG;DE0005190003;57411717316;87.0988;A;Consumer Cyclicals
01.01.2017;BEIERSDORF ORD;DE0005200000;20311200000;54.0533;B-;Consumer Non-Cyclicals
01.01.2017;HEIDELBGCEMENT ORD;DE0006047004;17585652357;80.5528;A-;Basic Materials
01.01.2017;FRESENIUS MEDICAL CARE ORD;DE0005785802;24715993086;72.7237;B+;Healthcare
01.01.2017;FRESENIUS SE ORD;DE0005785604;40635693630;43.9065;C+;Healthcare
01.01.2017;DEUTSCHE POST ORD;DE0005552004;38760007606;82.871;A-;Industrials
01.01.2017;ALLIANZ SE ORD;DE0008404005;71749000000;86.6479;A;Financials
01.01.2017;LUFTHANSA ORD;DE0008232125;5752395248;72.4671;B+;Industrials
01.01.2017;MUNICH RE ORD;DE0008430026;28933332596;69.9596;B+;Financials
01.01.2017;CONTINENTAL ORD;DE0005439004;24976740357;84.4767;A;Consumer Cyclicals
01.01.2017;ADIDAS ORD;DE000A1EWWW0;31413810328;88.4181;A;Consumer Cyclicals
01.01.2017;DAIMLER ORD;DE0007100000;63368039298;92.2051;A+;Consumer Cyclicals
01.01.2017;THYSSEN-KRUPP ORD;DE0007500001;9624245649;73.2958;B+;Basic Materials
01.01.2017;COMMERZBANK KONV;DE000CBK1001;9074583416;69.5858;B+;Financials
01.01.2017;VONOVIA SE;DE000A1ML7J1;14401744743;35.7014;C;Real Estate
01.01.2017;DT BOERSE ORD;DE000A2AA253;14749060000;69.3167;B+;Financials
01.01.2018;BASF SE ORD;DE000BASF111;84261235388;84.5268;A;Basic Materials
01.01.2018;INFINEON TECHNOLOGIES ORD;DE0006231004;25948161749;82.9913;A-;Technology
01.01.2018;PROSIEBENSAT.1 MEDIA SE;DE000PSM7770;6688265000;68.2493;B+;Consumer Cyclicals
01.01.2018;SIEMENS ORD;DE0007236101;88998892150;82.4617;A-;Industrials
01.01.2018;E.ON ORD;DE000ENAG999;19944158039;66.9292;B+;Utilities
01.01.2018;DEUTSCHE BANK ORD;DE0005140008;32810023455;80.2409;A-;Financials
01.01.2018;SAP SE ORD;DE0007164600;1.14E+11;93.7259;A+;Technology
01.01.2018;BAYER AG;DE000BAY0017;86002575917;84.8656;A;Healthcare
01.01.2018;RWE ST A ORD;DE0007037129;9329453761;70.0248;B+;Utilities
01.01.2018;HENKEL& KGAA PRF;DE0006048432;45639860756;71.8511;B+;Basic Materials
01.01.2018;DT TELEKOM N;DE0005557508;70445779928;79.3986;A-;Technology
01.01.2018;MERCK ORD;DE0006599905;39021314551;79.0118;A-;Healthcare
01.01.2018;VOLKSWAGEN PRF;DE0007664039;84104548617;80.9124;A-;Consumer Cyclicals
01.01.2018;BMW AG;DE0005190003;56384981983;83.6821;A;Consumer Cyclicals
01.01.2018;BEIERSDORF ORD;DE0005200000;24670800000;59.2129;B;Consumer Non-Cyclicals
01.01.2018;HEIDELBGCEMENT ORD;DE0006047004;17907087049;79.299;A-;Basic Materials
01.01.2018;FRESENIUS MEDICAL CARE ORD;DE0005785802;27040142962;73.239;B+;Healthcare
01.01.2018;FRESENIUS SE ORD;DE0005785604;36092159696;64.3046;B;Healthcare
01.01.2018;LINDE ORD;DE000A2E4L75;NULL;78.8683;A-;Basic Materials
01.01.2018;DEUTSCHE POST ORD;DE0005552004;48841124914;79.6583;A-;Industrials
01.01.2018;ALLIANZ SE ORD;DE0008404005;84307807209;86.0753;A;Financials
01.01.2018;LUFTHANSA ORD;DE0008232125;14477090128;72.7059;B+;Industrials
01.01.2018;MUNICH RE ORD;DE0008430026;28021294371;86.1277;A;Financials
01.01.2018;CONTINENTAL ORD;DE0005439004;30598886138;83.9153;A;Consumer Cyclicals
01.01.2018;ADIDAS ORD;DE000A1EWWW0;34970485490;85.9114;A;Consumer Cyclicals
01.01.2018;DAIMLER ORD;DE0007100000;63439722686;91.0398;A;Consumer Cyclicals
01.01.2018;THYSSEN-KRUPP ORD;DE0007500001;11323154511;71.426;B+;Basic Materials
01.01.2018;COMMERZBANK KONV;DE000CBK1001;15660732213;75.2925;A-;Financials
01.01.2018;VONOVIA SE;DE000A1ML7J1;20078316368;60.3076;B;Real Estate
01.01.2018;DT BOERSE N;DE0005810055;18682400000;72.1851;B+;Financials
01.01.2019;BASF SE ORD;DE000BASF111;55476113118;90.1543;A;Basic Materials
01.01.2019;INFINEON TECHNOLOGIES ORD;DE0006231004;19744434211;78.711;A-;Technology
01.01.2019;SIEMENS ORD;DE0007236101;74616548750;83.3937;A;Industrials
01.01.2019;E.ON ORD;DE000ENAG999;18988881073;74.4683;B+;Utilities
01.01.2019;DEUTSCHE BANK ORD;DE0005140008;14399208404;81.6581;A-;Financials
01.01.2019;SAP SE ORD;DE0007164600;1.06E+11;93.5594;A+;Technology
01.01.2019;BAYER AG;DE000BAY0017;56475346940;89.7331;A;Healthcare
01.01.2019;RWE ST A ORD;DE0007037129;10919013389;67.9465;B+;Utilities
01.01.2019;COVESTRO ORD;DE0006062144;7892790000;73.9519;B+;Basic Materials
01.01.2019;HENKEL& KGAA PRF;DE0006048432;39274234556;70.6218;B+;Basic Materials
01.01.2019;DT TELEKOM N;DE0005557508;70564816393;76.741;A-;Technology
01.01.2019;LINDE PLC ORD;IE000S9YS762;74973396989;85.4764;A;Basic Materials
01.01.2019;MERCK ORD;DE0006599905;39121313462;85.0224;A;Healthcare
01.01.2019;VOLKSWAGEN PRF;DE0007664039;69693054103;82.7671;A-;Consumer Cyclicals
01.01.2019;BMW AG;DE0005190003;46014155946;83.1508;A-;Consumer Cyclicals
01.01.2019;BEIERSDORF ORD;DE0005200000;22972320000;60.9378;B;Consumer Non-Cyclicals
01.01.2019;HEIDELBGCEMENT ORD;DE0006047004;10591471542;78.9634;A-;Basic Materials
01.01.2019;FRESENIUS MEDICAL CARE ORD;DE0005785802;17438246849;80.0093;A-;Healthcare
01.01.2019;FRESENIUS SE ORD;DE0005785604;23572822027;75.1372;A-;Healthcare
01.01.2019;DEUTSCHE POST ORD;DE0005552004;29564876608;80.7169;A-;Industrials
01.01.2019;ALLIANZ SE ORD;DE0008404005;74339865028;94.8834;A+;Financials
01.01.2019;LUFTHANSA ORD;DE0008232125;9361647233;75.8796;A-;Industrials
01.01.2019;MUNICH RE ORD;DE0008430026;28494556792;85.6971;A;Financials
01.01.2019;CONTINENTAL ORD;DE0005439004;16417753922;78.9996;A-;Consumer Cyclicals
01.01.2019;ADIDAS ORD;DE000A1EWWW0;36555912326;86.2059;A;Consumer Cyclicals
01.01.2019;DAIMLER ORD;DE0007100000;41137255782;93.6784;A+;Consumer Cyclicals
01.01.2019;THYSSEN-KRUPP ORD;DE0007500001;7004784423;70.5769;B+;Basic Materials
01.01.2019;VONOVIA SE;DE000A1ML7J1;20510698766;73.3984;B+;Real Estate
01.01.2019;DT BOERSE N;DE0005810055;19940500000;73.1658;B+;Financials
01.01.2019;WIRECARD ORD;DE0007472060;16298300793;31.5278;C-;Industrials
01.01.2020;BASF SE ORD;DE000BASF111;61859540041;90.1139;A;Basic Materials
01.01.2020;INFINEON TECHNOLOGIES ORD;DE0006231004;25404911702;77.4804;A-;Technology
01.01.2020;SIEMENS ORD;DE0007236101;89297725800;83.3827;A;Industrials
01.01.2020;E.ON ORD;DE000ENAG999;25155920251;73.4225;B+;Utilities
01.01.2020;DEUTSCHE BANK ORD;DE0005140008;14295869747;85.4038;A;Financials
01.01.2020;SAP SE ORD;DE0007164600;1.47E+11;94.243;A+;Technology
01.01.2020;BAYER AG;DE000BAY0017;71530297410;89.8762;A;Healthcare
01.01.2020;RWE ST A ORD;DE0007037129;16813289398;65.4525;B;Utilities
01.01.2020;COVESTRO ORD;DE0006062144;7563390000;74.2806;B+;Basic Materials
01.01.2020;HENKEL& KGAA PRF;DE0006048432;38249470575;75.9373;A-;Basic Materials
01.01.2020;DEUTSCHE TELEKOM AG ORD;DE0005557508;69374451744;78.4796;A-;Technology
01.01.2020;LINDE PLC ORD;IE000S9YS762;1.02E+11;85.5805;A;Basic Materials
01.01.2020;MERCK ORD;DE0006599905;45803849447;85.6945;A;Healthcare
01.01.2020;VOLKSWAGEN PRF;DE0007664039;87465958595;86.8302;A;Consumer Cyclicals
01.01.2020;BMW AG;DE0005190003;47160473721;87.4807;A;Consumer Cyclicals
01.01.2020;BEIERSDORF ORD;DE0005200000;26875800000;64.5257;B;Consumer Non-Cyclicals
01.01.2020;HEIDELBGCEMENT ORD;DE0006047004;12889134346;75.7116;A-;Basic Materials
01.01.2020;MTU AERO ENGINES ORD;DE000A0D9PT0;13283585946;81.1793;A-;Industrials
01.01.2020;FRESENIUS MEDICAL CARE ORD;DE0005785802;20079957099;79.7414;A-;Healthcare
01.01.2020;FRESENIUS SE ORD;DE0005785604;27963838206;78.4913;A-;Healthcare
01.01.2020;DEUTSCHE POST ORD;DE0005552004;42053594874;86.2508;A;Industrials
01.01.2020;ALLIANZ SE ORD;DE0008404005;91110552406;93.7751;A+;Financials
01.01.2020;LUFTHANSA ORD;DE0008232125;7847164427;71.0515;B+;Industrials
01.01.2020;MUNICH RE ORD;DE0008430026;37955597443;85.6696;A;Financials
01.01.2020;CONTINENTAL ORD;DE0005439004;15671306993;81.0574;A-;Consumer Cyclicals
01.01.2020;ADIDAS ORD;DE000A1EWWW0;58080610703;89.8096;A;Consumer Cyclicals
01.01.2020;DAIMLER ORD;DE0007100000;44237558047;92.7205;A+;Consumer Cyclicals
01.01.2020;VONOVIA SE;DE000A1ML7J1;26029124679;72.7996;B+;Real Estate
01.01.2020;DEUTSCHE BOERSE AG ORD;DE0005810055;26628500000;74.2471;B+;Financials
01.01.2020;WIRECARD ORD;DE0007472060;13332726729;27.4035;C-;Industrials
01.01.2021;BASF SE ORD;DE000BASF111;59443941076;91.926;A+;Basic Materials
01.01.2021;INFINEON TECHNOLOGIES ORD;DE0006231004;40992864490;76.4556;A-;Technology
01.01.2021;SIEMENS ORD;DE0007236101;99892000000;84.6931;A;Industrials
01.01.2021;E.ON ORD;DE000ENAG999;23940913603;66.4716;B;Utilities
01.01.2021;DT WOHNEN ORD;DE000A0HN5C6;15721419124;70.9955;B+;Real Estate
01.01.2021;DEUTSCHE BANK ORD;DE0005140008;18495552749;85.2706;A;Financials
01.01.2021;SAP SE ORD;DE0007164600;1.31E+11;94.5184;A+;Technology
01.01.2021;BAYER AG;DE000BAY0017;47308631669;89.9633;A;Healthcare
01.01.2021;RWE ST A ORD;DE0007037129;23376927059;67.4966;B+;Utilities
01.01.2021;COVESTRO ORD;DE0006062144;9802968000;77.2501;A-;Basic Materials
01.01.2021;HENKEL& KGAA PRF;DE0006048432;36929338106;82.876;A-;Basic Materials
01.01.2021;DEUTSCHE TELEKOM AG ORD;DE0005557508;71207613303;83.0746;A-;Technology
01.01.2021;LINDE PLC ORD;IE000S9YS762;1.13E+11;86.1913;A;Basic Materials
01.01.2021;MERCK ORD;DE0006599905;61021075177;84.0877;A;Healthcare
01.01.2021;VOLKSWAGEN PRF;DE0007664039;81624611969;87.8512;A;Consumer Cyclicals
01.01.2021;BMW AG;DE0005190003;46621188188;86.7145;A;Consumer Cyclicals
01.01.2021;BEIERSDORF ORD;DE0005200000;23798880000;66.982;B+;Consumer Non-Cyclicals
01.01.2021;HEIDELBGCEMENT ORD;DE0006047004;12147056722;81.1199;A-;Basic Materials
01.01.2021;MTU AERO ENGINES ORD;DE000A0D9PT0;11330577139;82.1622;A-;Industrials
01.01.2021;FRESENIUS MEDICAL CARE ORD;DE0005785802;19974182074;83.1561;A-;Healthcare
01.01.2021;FRESENIUS SE ORD;DE0005785604;21097347997;82.6721;A-;Healthcare
01.01.2021;DEUTSCHE POST ORD;DE0005552004;50181906065;84.5644;A;Industrials
01.01.2021;ALLIANZ SE ORD;DE0008404005;82747230790;93.2874;A+;Financials
01.01.2021;MUNICH RE ORD;DE0008430026;34016020447;88.6884;A;Financials
01.01.2021;CONTINENTAL ORD;DE0005439004;16485736356;77.7577;A-;Consumer Cyclicals
01.01.2021;ADIDAS ORD;DE000A1EWWW0;59703981809;88.4878;A;Consumer Cyclicals
01.01.2021;DELIVERY HERO AG ORD;DE000A2E4K43;25320997745;81.7015;A-;Technology
01.01.2021;DAIMLER ORD;DE0007100000;51782226107;93.1177;A+;Consumer Cyclicals
01.01.2021;VONOVIA SE;DE000A1ML7J1;33817413946;85.9634;A;Real Estate
01.01.2021;DEUTSCHE BOERSE AG ORD;DE0005810055;26457500000;74.5788;B+;Financials
01.01.2022;BASF SE ORD;DE000BASF111;56743613715;90.7225;A;Basic Materials
01.01.2022;INFINEON TECHNOLOGIES ORD;DE0006231004;53229345544;81.0494;A-;Technology
01.01.2022;SIEMENS ORD;DE0007236101;1.30E+11;85.8971;A;Industrials
01.01.2022;E.ON ORD;DE000ENAG999;32202958810;67.6836;B+;Utilities
01.01.2022;DEUTSCHE BANK ORD;DE0005140008;22771706357;81.0532;A-;Financials
01.01.2022;SARTORIUS PRF;DE0007165631;40966848000;80.8149;A-;Healthcare
01.01.2022;SAP SE ORD;DE0007164600;1.53E+11;93.7388;A+;Technology
01.01.2022;BAYER AG;DE000BAY0017;46173931854;92.7449;A+;Healthcare
01.01.2022;RWE ST A ORD;DE0007037129;24154580115;68.3555;B+;Utilities
01.01.2022;COVESTRO ORD;DE0006062144;10440528000;78.0716;A-;Basic Materials
01.01.2022;HENKEL& KGAA PRF;DE0006048432;30522483540;82.1815;A-;Basic Materials
01.01.2022;ZALANDO ORD SHS;DE000ZAL1111;18639479258;70.736;B+;Technology
01.01.2022;DEUTSCHE TELEKOM AG ORD;DE0005557508;81279275115;86.4699;A;Technology
01.01.2022;LINDE PLC ORD;IE000S9YS762;1.56E+11;89.1148;A;Basic Materials
01.01.2022;MERCK ORD;DE0006599905;98694578306;86.5125;A;Healthcare
01.01.2022;PORSCHE SE VZ PRF;DE000PAH0038;25553500000;9.0379;D;Consumer Cyclicals
01.01.2022;VOLKSWAGEN PRF;DE0007664039;1.13E+11;81.7133;A-;Consumer Cyclicals
01.01.2022;BMW AG;DE0005190003;57499180877;89.7912;A;Consumer Cyclicals
01.01.2022;BEIERSDORF ORD;DE0005200000;22775760000;68.91;B+;Consumer Non-Cyclicals
01.01.2022;HEIDELBGCEMENT ORD;DE0006047004;11809748711;82.4856;A-;Basic Materials
01.01.2022;MTU AERO ENGINES ORD;DE000A0D9PT0;9586427011;86.6536;A;Industrials
01.01.2022;FRESENIUS MEDICAL CARE ORD;DE0005785802;16742267930;86.1184;A;Healthcare
01.01.2022;HELLOFRESH SEORD;DE000A161408;11748061456;66.604;B;Consumer Non-Cyclicals
01.01.2022;FRESENIUS SE ORD;DE0005785604;19770975862;78.5147;A-;Healthcare
01.01.2022;DEUTSCHE POST ORD;DE0005552004;70056418985;82.6443;A-;Industrials
01.01.2022;ALLIANZ SE ORD;DE0008404005;84816277328;91.0608;A;Financials
01.01.2022;MUNICH RE ORD;DE0008430026;36495771526;84.2687;A;Financials
01.01.2022;CONTINENTAL ORD;DE0005439004;14157016894;74.8853;B+;Consumer Cyclicals
01.01.2022;SIEMENS HEALTHINEERS AG ORD;DE000SHL1006;74244960000;74.5668;B+;Healthcare
01.01.2022;SYMRISE ORD;DE000SYM9999;18212298636;76.3948;A-;Basic Materials
01.01.2022;ADIDAS ORD;DE000A1EWWW0;48639720000;89.8495;A;Consumer Cyclicals
01.01.2022;DELIVERY HERO AG ORD;DE000A2E4K43;24596288822;79.4574;A-;Technology
01.01.2022;SIEMENS ENERGY AG ORD;DE000ENER6Y0;16342250391;78.0931;A-;Energy
01.01.2022;DAIMLER AG ORD;DE0007100000;72310313043;91.7857;A+;Consumer Cyclicals
01.01.2022;BRENNTAG ORD;DE000A1DAHH0;12295110000;56.1129;B-;Basic Materials
01.01.2022;AIRBUS SE;NL0000235190;87141239852;85.8534;A;Industrials
01.01.2022;VONOVIA SE;DE000A1ML7J1;37664973367;84.7159;A;Real Estate
01.01.2022;DEUTSCHE BOERSE AG ORD;DE0005810055;27949000000;75.9843;A-;Financials
01.01.2022;PUMA SE ORD;DE0006969603;16213648800;82.7387;A-;Consumer Cyclicals
01.01.2022;QIAGEN ORD;NL0015002SN0;10476641635;79.2713;A-;Healthcare
Date;Constituent Name;ISIN;Market Cap;ESG Score;ESG Grade;Economic Sector
01.01.2023;BASF SE ORD;DE000BASF111;41465930156;90.1569;A;Basic Materials
01.01.2023;INFINEON TECHNOLOGIES ORD;DE0006231004;37127337925;80.1661;A-;Technology
01.01.2023;SIEMENS ORD;DE0007236101;1.10E+11;84.9171;A;Industrials
01.01.2023;E.ON ORD;DE000ENAG999;24654069679;65.3219;B;Utilities
01.01.2023;DEUTSCHE BANK ORD;DE0005140008;21882993911;82.1562;A-;Financials
01.01.2023;SARTORIUS PRF;DE0007165631;26354016000;83.4932;A;Healthcare
01.01.2023;SAP SE ORD;DE0007164600;1.18E+11;89.5104;A;Technology
01.01.2023;BAYER AG;DE000BAY0017;47475643763;92.7709;A+;Healthcare
01.01.2023;RWE ST A ORD;DE0007037129;28123991796;62.1557;B;Utilities
01.01.2023;COVESTRO ORD;DE0006062144;7102032000;82.1135;A-;Basic Materials
01.01.2023;HENKEL& KGAA PRF;DE0006048432;27236851601;81.1253;A-;Basic Materials
01.01.2023;ZALANDO ORD SHS;DE000ZAL1111;8725533660;68.2408;B+;Technology
01.01.2023;DEUTSCHE TELEKOM AG ORD;DE0005557508;92937615312;85.7949;A;Technology
01.01.2023;LINDE PLC ORD;IE000S9YS762;1.50E+11;91.1184;A;Basic Materials
01.01.2023;MERCK ORD;DE0006599905;78651318130;85.888;A;Healthcare
01.01.2023;PORSCHE SE VZ PRF;DE000PAH0038;15692250000;10.8454;D;Consumer Cyclicals
01.01.2023;VOLKSWAGEN PRF;DE0007664039;67576449535;82.4778;A-;Consumer Cyclicals
01.01.2023;BMW AG;DE0005190003;54919971826;92.3719;A+;Consumer Cyclicals
01.01.2023;BEIERSDORF ORD;DE0005200000;27014400000;66.2686;B;Consumer Non-Cyclicals
01.01.2023;HEIDELBGCEMENT ORD;DE0006047004;10287936432;82.1756;A-;Basic Materials
01.01.2023;MTU AERO ENGINES ORD;DE000A0D9PT0;10808219246;85.2126;A;Industrials
01.01.2023;FRESENIUS MEDICAL CARE ORD;DE0005785802;8969649136;82.9221;A-;Healthcare
01.01.2023;FRESENIUS SE ORD;DE0005785604;14784978521;73.0151;B+;Healthcare
01.01.2023;DEUTSCHE POST ORD;DE0005552004;43590110009;74.0891;B+;Industrials
01.01.2023;ALLIANZ SE ORD;DE0008404005;81025781796;88.7551;A;Financials
01.01.2023;MUNICH RE ORD;DE0008430026;42590075024;87.6418;A;Financials
01.01.2023;CONTINENTAL ORD;DE0005439004;8511543415;79.473;A-;Consumer Cyclicals
01.01.2023;SIEMENS HEALTHINEERS AG ORD;DE000SHL1006;52711440000;76.0508;A-;Healthcare
01.01.2023;SYMRISE ORD;DE000SYM9999;14207829289;78.0362;A-;Basic Materials
01.01.2023;ADIDAS ORD;DE000A1EWWW0;22942800000;88.5579;A;Consumer Cyclicals
01.01.2023;HANNOVER RUECKVERSICHERUNG ORD;DE0008402215;22370768357;76.5985;A-;Financials
01.01.2023;DAIMLER TRUCK AG ORD;DE000DTR0CK8;23820342224;85.1472;A;Industrials
01.01.2023;SIEMENS ENERGY AG ORD;DE000ENER6Y0;12770789267;73.818;B+;Energy
01.01.2023;MERCEDES-BENZ GROUP AG ORD;DE0007100000;65688019246;90.5796;A;Consumer Cyclicals
01.01.2023;BRENNTAG ORD;DE000A1DAHH0;9226740000;61.7025;B;Basic Materials
01.01.2023;AIRBUS SE;NL0000235190;86334351945;81.8622;A-;Industrials
01.01.2023;VONOVIA SE;DE000A1ML7J1;17524616934;83.0469;A-;Real Estate
01.01.2023;DEUTSCHE BOERSE AG ORD;DE0005810055;30666000000;72.0559;B+;Financials
01.01.2023;QIAGEN ORD;NL0015002SN0;10391298683;84.92;A;Healthcare
01.01.2023;DR ING HC F PORSCHE AG PREF;DE000PAG9113;86317250000;NULL;NULL;Consumer Cyclicals
01.01.2024;BASF SE ORD;DE000BASF111;43537231160;88.9027;A;Basic Materials
01.01.2024;INFINEON TECHNOLOGIES ORD;DE0006231004;49363818979;76.5437;A-;Technology
01.01.2024;SIEMENS ORD;DE0007236101;1.36E+11;84.6431;A;Industrials
01.01.2024;E.ON ORD;DE000ENAG999;32092023420;64.0587;B;Utilities
01.01.2024;DEUTSCHE BANK ORD;DE0005140008;25225563945;81.2737;A-;Financials
01.01.2024;SARTORIUS PRF;DE0007165631;22396608000;78.7348;A-;Healthcare
01.01.2024;SAP SE ORD;DE0007164600;1.71E+11;88.3434;A;Technology
01.01.2024;BAYER AG;DE000BAY0017;33038921878;91.6657;A;Healthcare
01.01.2024;RWE ST A ORD;DE0007037129;30631381316;62.529;B;Utilities
01.01.2024;COVESTRO ORD;DE0006062144;9948960000;77.8262;A-;Basic Materials
01.01.2024;HENKEL& KGAA PRF;DE0006048432;29862483030;82.1766;A-;Basic Materials
01.01.2024;ZALANDO ORD SHS;DE000ZAL1111;5657909893;73.7569;B+;Technology
01.01.2024;DEUTSCHE TELEKOM AG ORD;DE0005557508;1.08E+11;82.7903;A-;Technology
01.01.2024;MERCK ORD;DE0006599905;62651492220;83.5275;A;Healthcare
01.01.2024;PORSCHE SE VZ PRF;DE000PAH0038;14185500000;15.0518;D;Consumer Cyclicals
01.01.2024;VOLKSWAGEN PRF;DE0007664039;58007157693;81.4461;A-;Consumer Cyclicals
01.01.2024;BMW AG;DE0005190003;63731698020;90.4872;A;Consumer Cyclicals
01.01.2024;BEIERSDORF ORD;DE0005200000;34196400000;65.1492;B;Consumer Non-Cyclicals
01.01.2024;HEIDELBGCEMENT ORD;DE0006047004;15069864002;81.0112;A-;Basic Materials
01.01.2024;RHEINMETALL ORD;DE0007030009;12501389950;83.9656;A;Industrials
01.01.2024;MTU AERO ENGINES ORD;DE000A0D9PT0;10509231477;82.1675;A-;Industrials
01.01.2024;FRESENIUS SE ORD;DE0005785604;15810070365;73.8769;B+;Healthcare
01.01.2024;DEUTSCHE POST ORD;DE0005552004;55578009791;74.6038;B+;Industrials
01.01.2024;ALLIANZ SE ORD;DE0008404005;94776407937;87.434;A;Financials
01.01.2024;MUNICH RE ORD;DE0008430026;51189203065;86.131;A;Financials
01.01.2024;CONTINENTAL ORD;DE0005439004;11695389657;74.1118;B+;Consumer Cyclicals
01.01.2024;SIEMENS HEALTHINEERS AG ORD;DE000SHL1006;59332800000;76.827;A-;Healthcare
01.01.2024;SYMRISE ORD;DE000SYM9999;13926887461;80.4602;A-;Basic Materials
01.01.2024;ADIDAS ORD;DE000A1EWWW0;33148800000;90.1395;A;Consumer Cyclicals
01.01.2024;HANNOVER RUECKVERSICHERUNG ORD;DE0008402215;26085160084;72.8157;B+;Financials
01.01.2024;DAIMLER TRUCK AG ORD;DE000DTR0CK8;27996823026;83.3736;A;Industrials
01.01.2024;SIEMENS ENERGY AG ORD;DE000ENER6Y0;9591716544;78.0387;A-;Energy
01.01.2024;MERCEDES-BENZ GROUP AG ORD;DE0007100000;66918332310;89.7238;A;Consumer Cyclicals
01.01.2024;BRENNTAG ORD;DE000A1DAHH0;12271108315;68.1276;B+;Basic Materials
01.01.2024;COMMERZBANK AG;DE000CBK1001;13344803020;75.6017;A-;Financials
01.01.2024;AIRBUS SE;NL0000235190;1.09E+11;83.4051;A;Industrials
01.01.2024;VONOVIA SE;DE000A1ML7J1;23249968243;85.0192;A;Real Estate
01.01.2024;DEUTSCHE BOERSE AG ORD;DE0005810055;35435000000;69.2581;B+;Financials
01.01.2024;QIAGEN ORD;NL0015002SN0;8727596292;83.6436;A;Healthcare
01.01.2024;DR ING HC F PORSCHE AG PREF;DE000PAG9113;72788900000;72.3158;B+;Consumer Cyclicals
;;;;;;
;;;;;;
;;;;;;
;;;;;;
;;;;;;
;;;;;;
;;;;;;
;;;;;;
;;;;;;
;;;;;;
;;;;;;
;;;;;;
;;;;;;
;;;;;;
;;;;;;
;;;;;;
;;;;;;
;;;;;;
;;;;;;
;;;;;;
;;;;;;
;;;;;;
;;;;;;
;;;;;;
;;;;;;
;;;;;;
;;;;;;
;;;;;;
;;;;;;
;;;;;;
;;;;;;
;;;;;;
;;;;;;
;;;;;;
;;;;;;
;;;;;;
;;;;;;
;;;;;;
;;;;;;
;;;;;;
